{"sintomi": 1.0, "effetti": 0.8712871287128713, "bambini": 0.8288543140028288, "dati": 0.6407355021216408, "esiste": 0.6294200848656294, "omicron": 0.5728429985855729, "malattia": 0.5685997171145686, "problema": 0.5516265912305516, "danni": 0.5388967468175389, "infezione": 0.5374823196605375, "pazienti": 0.5148514851485149, "morti": 0.4893917963224894, "problemi": 0.45685997171145687, "casi": 0.4229137199434229, "rischio": 0.4158415841584158, "causa": 0.4002828854314003, "parla": 0.38896746817538896, "conseguenze": 0.3564356435643564, "studio": 0.3536067892503536, "sa": 0.3493635077793494, "preso": 0.3493635077793494, "studi": 0.3408769448373409, "vax": 0.33804809052333806, "dosi": 0.33663366336633666, "colpa": 0.31824611032531824, "pandemia": 0.3055162659123055, "parlare": 0.3012729844413013, "effetti avversi": 0.29985855728429983, "effetto": 0.28854314002828857, "influenza": 0.2871287128712871, "medici": 0.2857142857142857, "possono": 0.2842998585572843, "almeno": 0.28005657708628007, "vero": 0.26874115983026875, "salute": 0.26166902404526166, "ormai": 0.26025459688826025, "post": 0.25035360678925034, "ricerca": 0.25035360678925034, "malati": 0.24752475247524752, "so": 0.24611032531824611, "giovani": 0.24045261669024046, "pare": 0.2333804809052334, "ovviamente": 0.2333804809052334, "dicono": 0.23055162659123055, "novax": 0.23055162659123055, "effetti collaterali": 0.2263083451202263, "tanti": 0.22065063649222066, "dato": 0.2164073550212164, "s\u00ec": 0.214992927864215, "grave": 0.21357850070721357, "patologia": 0.21357850070721357, "ce": 0.21216407355021216, "davvero": 0.21216407355021216, "medico": 0.21216407355021216, "realt\u00e0": 0.21074964639321075, "credo": 0.2036775106082037, "rischi": 0.20226308345120225, "capire": 0.19943422913719944, "viene": 0.19943422913719944, "contagio": 0.19801980198019803, "colpisce": 0.1966053748231966, "sappiamo": 0.1966053748231966, "galli": 0.1966053748231966, "raffreddore": 0.19519094766619519, "capito": 0.19094766619519093, "tipo": 0.1867043847241867, "evitare": 0.18387553041018387, "termine": 0.18246110325318246, "cose": 0.18246110325318246, "cazzo": 0.1768033946251768, "paura": 0.1768033946251768, "ospedale": 0.1753889674681754, "conosco": 0.17256011315417255, "vedere": 0.17256011315417255, "varianti": 0.16973125884016974, "importante": 0.16973125884016974, "contagi": 0.16973125884016974, "sistema immunitario": 0.1669024045261669, "longcovidkids": 0.16548797736916548, "morte": 0.16548797736916548, "mese": 0.16407355021216408, "articolo": 0.16265912305516267, "guariti": 0.16124469589816123, "vuole": 0.15983026874115983, "senso": 0.15983026874115983, "altra": 0.15983026874115983, "chiama": 0.15841584158415842, "numeri": 0.15417256011315417, "sindrome": 0.15417256011315417, "gravi": 0.15417256011315417, "strascichi": 0.15275813295615276, "patologie": 0.15134370579915135, "neanche": 0.15134370579915135, "tweet": 0.1485148514851485, "distanza": 0.1485148514851485, "cura": 0.1471004243281471, "letto": 0.14427157001414428, "ragione": 0.14427157001414428, "fragili": 0.14427157001414428, "cervello": 0.14427157001414428, "spero": 0.14285714285714285, "settimane": 0.14285714285714285, "scienza": 0.14144271570014144, "pensa": 0.14144271570014144, "dovrebbe": 0.14144271570014144, "nn": 0.14002828854314003, "possibile": 0.14002828854314003, "posso": 0.13861386138613863, "far": 0.13861386138613863, "soffre": 0.13861386138613863, "miocarditi": 0.1371994342291372, "persona": 0.1371994342291372, "account": 0.1371994342291372, "reazioni avverse": 0.13578500707213578, "bisogna": 0.13437057991513437, "lc": 0.13437057991513437, "punto": 0.13437057991513437, "situazione": 0.13295615275813297, "sicuramente": 0.13295615275813297, "penso": 0.13154172560113153, "impatto": 0.13012729844413012, "danno": 0.13012729844413012, "esistono": 0.12871287128712872, "praticamente": 0.1272984441301273, "pochi": 0.1272984441301273, "leggere": 0.12588401697312587, "soffrono": 0.12588401697312587, "scuola": 0.12588401697312587, "mascherine": 0.12588401697312587, "continua": 0.12588401697312587, "et\u00e0": 0.12588401697312587, "causato": 0.12588401697312587, "cure": 0.12446958981612447, "numero": 0.12446958981612447, "stanchezza": 0.12446958981612447, "correlazione": 0.12446958981612447, "decessi": 0.12305516265912306, "ospedali": 0.12164073550212164, "guarda": 0.12164073550212164, "variante": 0.12022630834512023, "bimbi": 0.12022630834512023, "prendere": 0.12022630834512023, "infezioni": 0.12022630834512023, "serve": 0.1188118811881188, "sapere": 0.1188118811881188, "sanno": 0.1188118811881188, "verit\u00e0": 0.1173974540311174, "popolazione": 0.1173974540311174, "marzo": 0.11598302687411598, "attenzione": 0.11456859971711457, "chiaro": 0.11315417256011315, "fatti": 0.11315417256011315, "sai": 0.11315417256011315, "livello": 0.11315417256011315, "questione": 0.11315417256011315, "pensare": 0.11315417256011315, "veramente": 0.11173974540311174, "putin": 0.11173974540311174, "puoi": 0.11032531824611033, "thread": 0.11032531824611033, "cc": 0.11032531824611033, "oms": 0.11032531824611033, "dare": 0.10891089108910891, "nuova": 0.10891089108910891, "ok": 0.10891089108910891, "positivi": 0.10891089108910891, "aumento": 0.10891089108910891, "domanda": 0.1074964639321075, "chiamano": 0.1074964639321075, "uk": 0.1074964639321075, "mal testa": 0.1074964639321075, "resto": 0.10608203677510608, "vanno": 0.10608203677510608, "diagnosi": 0.10608203677510608, "sintomo": 0.10608203677510608, "ipotesi": 0.10608203677510608, "contagiati": 0.10608203677510608, "pfizer moderna": 0.10608203677510608, "capisco": 0.10466760961810467, "etc": 0.10466760961810467, "asintomatico": 0.10466760961810467, "effetti termine": 0.10466760961810467, "giusto": 0.10325318246110325, "base": 0.10325318246110325, "vedo": 0.10325318246110325, "zero": 0.10325318246110325, "guarito": 0.10325318246110325, "ondata": 0.10325318246110325, "molte": 0.10183875530410184, "passato": 0.10183875530410184, "vaccinarsi": 0.10183875530410184, "tratta": 0.10183875530410184, "scusa": 0.10183875530410184, "andare": 0.10183875530410184, "parlano": 0.10042432814710042, "protezione": 0.10042432814710042, "cuore": 0.10042432814710042, "conseguenza": 0.10042432814710042, "possibilit\u00e0": 0.10042432814710042, "dovuto": 0.10042432814710042, "terapia intensiva": 0.10042432814710042, "buona": 0.09900990099009901, "entra": 0.09900990099009901, "significa": 0.09900990099009901, "primi": 0.09900990099009901, "chiss\u00e0": 0.09900990099009901, "diabete": 0.09759547383309759, "asintomatici": 0.09759547383309759, "scritto": 0.09759547383309759, "possiamo": 0.09618104667609619, "febbre": 0.09618104667609619, "italiani": 0.09618104667609619, "esattamente": 0.09618104667609619, "infettati": 0.09618104667609619, "inizio": 0.09618104667609619, "cdc fda": 0.09618104667609619, "fda pfizer": 0.09618104667609619, "vaccinesideeffects infarto": 0.09618104667609619, "infarto diedsuddenly": 0.09618104667609619, "speriamo": 0.09476661951909476, "incidenza": 0.09476661951909476, "dobbiamo": 0.09476661951909476, "mis": 0.09476661951909476, "curare": 0.09476661951909476, "sicuro": 0.09476661951909476, "vogliono": 0.09476661951909476, "qualsiasi": 0.09335219236209336, "figli": 0.09335219236209336, "soggetti": 0.09335219236209336, "usa": 0.09335219236209336, "speranza": 0.09335219236209336, "guerra": 0.09335219236209336, "who vaccinesideeffects": 0.09335219236209336, "reinfezioni": 0.09193776520509193, "prof": 0.09193776520509193, "appena": 0.09193776520509193, "mascherina": 0.09052333804809053, "vaccinare": 0.09052333804809053, "twitter": 0.09052333804809053, "analisi": 0.09052333804809053, "paper": 0.09052333804809053, "eventi avversi": 0.09052333804809053, "corpo": 0.0891089108910891, "positivo": 0.0891089108910891, "probabilit\u00e0": 0.0891089108910891, "definizione": 0.0891089108910891, "serie": 0.0891089108910891, "vaccinata": 0.0876944837340877, "morire": 0.0876944837340877, "politica": 0.0876944837340877,