{"bambini": 1.0, "sintomi": 0.7987551867219918, "effetti": 0.7261410788381742, "morti": 0.6659751037344398, "rischio": 0.6307053941908713, "giovani": 0.6307053941908713, "malattia": 0.5933609958506224, "dati": 0.487551867219917, "casi": 0.4605809128630705, "pazienti": 0.45850622406639, "conseguenze": 0.37136929460580914, "danni": 0.36929460580912865, "problemi": 0.3651452282157676, "esiste": 0.3506224066390041, "problema": 0.34024896265560167, "parlare": 0.2925311203319502, "gravi": 0.2883817427385892, "parla": 0.27800829875518673, "infezione": 0.27593360995850624, "rischi": 0.2697095435684647, "uk": 0.26348547717842324, "sa": 0.26348547717842324, "malati": 0.2551867219917012, "possono": 0.24066390041493776, "studi": 0.24066390041493776, "sindrome": 0.23858921161825727, "effetti termine": 0.23651452282157676, "studio": 0.23236514522821577, "causa": 0.23029045643153526, "cure": 0.22406639004149378, "morte": 0.22199170124481327, "sappiamo": 0.2157676348547718, "salute": 0.21369294605809128, "vero": 0.2074688796680498, "contagio": 0.2053941908713693, "post": 0.2053941908713693, "pandemia": 0.2033195020746888, "so": 0.2012448132780083, "termine": 0.1970954356846473, "evitare": 0.19294605809128632, "ospedale": 0.19294605809128632, "credo": 0.1908713692946058, "varianti": 0.18672199170124482, "longcovidkids": 0.18049792531120332, "cura": 0.17219917012448133, "s\u00ec": 0.17219917012448133, "medici": 0.17219917012448133, "capire": 0.17012448132780084, "colpisce": 0.16804979253112035, "guariti": 0.16804979253112035, "pochi": 0.16804979253112035, "patologia": 0.16804979253112035, "ospedalizzazioni": 0.16597510373443983, "influenza": 0.16597510373443983, "ormai": 0.15560165975103735, "grave": 0.15352697095435686, "vaccinarsi": 0.15352697095435686, "letto": 0.14937759336099585, "paura": 0.14937759336099585, "almeno": 0.14937759336099585, "decessi": 0.14937759336099585, "pare": 0.14937759336099585, "effetti collaterali": 0.14937759336099585, "numeri": 0.14730290456431536, "vaccinare": 0.14315352697095435, "terapia intensiva": 0.14315352697095435, "davvero": 0.14107883817427386, "medico": 0.14107883817427386, "realt\u00e0": 0.14107883817427386, "strascichi": 0.13900414937759337, "possibile": 0.13900414937759337, "sarscov": 0.13900414937759337, "morire": 0.13692946058091288, "conosco": 0.13692946058091288, "tanti": 0.13485477178423236, "et\u00e0": 0.13485477178423236, "vedere": 0.13485477178423236, "contare": 0.13278008298755187, "nn": 0.13278008298755187, "asintomatici": 0.13278008298755187, "bisogna": 0.13278008298755187, "probabilit\u00e0": 0.13278008298755187, "scuola": 0.13070539419087138, "preso": 0.12863070539419086, "dato": 0.12863070539419086, "tipo": 0.12863070539419086, "soffre": 0.12655601659751037, "ovviamente": 0.12655601659751037, "idea": 0.12655601659751037, "under": 0.12448132780082988, "vax": 0.12448132780082988, "ricerca": 0.12240663900414937, "dicono": 0.12240663900414937, "novax": 0.12033195020746888, "delta": 0.12033195020746888, "possibilit\u00e0": 0.12033195020746888, "altra": 0.11825726141078838, "patologie": 0.11618257261410789, "ragazzi": 0.11618257261410789, "soffrono": 0.11618257261410789, "contagi": 0.11410788381742738, "cose": 0.11410788381742738, "punto": 0.11410788381742738, "ricoveri": 0.11203319502074689, "viene": 0.11203319502074689, "anticorpi": 0.11203319502074689, "disturbi": 0.11203319502074689, "rischiare": 0.1078838174273859, "resto": 0.1078838174273859, "neanche": 0.1078838174273859, "esistono": 0.1078838174273859, "settimane": 0.10580912863070539, "etc": 0.10580912863070539, "rischiano": 0.10580912863070539, "vuole": 0.10580912863070539, "sai": 0.10580912863070539, "farmaci": 0.10580912863070539, "senso": 0.10580912863070539, "percentuale": 0.1037344398340249, "articolo": 0.1037344398340249, "prendere": 0.1016597510373444, "distanza": 0.1016597510373444, "numero": 0.1016597510373444, "migliaia": 0.1016597510373444, "adulti": 0.0995850622406639, "ricoverati": 0.0995850622406639, "importante": 0.0995850622406639, "impatto": 0.0995850622406639, "ospedali": 0.0995850622406639, "puoi": 0.0975103734439834, "sicuramente": 0.0975103734439834, "vedi": 0.0975103734439834, "dovrebbe": 0.0975103734439834, "ragione": 0.0954356846473029, "serve": 0.0954356846473029, "capito": 0.0954356846473029, "andare": 0.0954356846473029, "persona": 0.09336099585062241, "significa": 0.09336099585062241, "far": 0.0912863070539419, "posso": 0.0912863070539419, "situazione": 0.0912863070539419, "popolazione": 0.08921161825726141, "minori": 0.08921161825726141, "considerare": 0.08921161825726141, "zero": 0.08713692946058091, "effetto": 0.08713692946058091, "mese": 0.08713692946058091, "molte": 0.08713692946058091, "polmoni": 0.08713692946058091, "questione": 0.08713692946058091, "diversi": 0.08713692946058091, "lockdown": 0.08713692946058091, "cc": 0.08713692946058091, "potrebbero": 0.08506224066390042, "spero": 0.08506224066390042, "muoiono": 0.08506224066390042, "sapere": 0.08506224066390042, "paesi": 0.08506224066390042, "soggetti": 0.08506224066390042, "protezione": 0.08506224066390042, "vaccina": 0.08506224066390042, "media": 0.08506224066390042, "anziani": 0.08298755186721991, "assolutamente": 0.08298755186721991, "ricovero": 0.08298755186721991, "base": 0.08298755186721991, "chiaro": 0.08298755186721991, "pensare": 0.08298755186721991, "continua": 0.08298755186721991, "vanno": 0.08091286307053942, "veramente": 0.08091286307053942, "mortalit\u00e0": 0.08091286307053942, "ospedalizzazione": 0.08091286307053942, "vengono": 0.08091286307053942, "curare": 0.08091286307053942, "muore": 0.08091286307053942, "tweet": 0.08091286307053942, "pensa": 0.07883817427385892, "sanno": 0.07883817427385892, "scelta": 0.07883817427385892, "figli": 0.07883817427385892, "cazzo": 0.07883817427385892, "ammalano": 0.07883817427385892, "vaccinatevi": 0.07883817427385892, "primi": 0.07883817427385892, "postumi": 0.07883817427385892, "dare": 0.07883817427385892, "fragili": 0.07676348547717843, "cervello": 0.07676348547717843, "accordo": 0.07676348547717843, "capisco": 0.07676348547717843, "stare": 0.07676348547717843, "ce": 0.07676348547717843, "infezioni": 0.07676348547717843, "sviluppare": 0.07676348547717843, "anzi": 0.07676348547717843, "sentito parlare": 0.07676348547717843, "attenzione": 0.07468879668049792, "scienza": 0.07468879668049792, "thread": 0.07468879668049792, "malattie": 0.07468879668049792, "rischia": 0.07468879668049792, "ospedalizzati": 0.07468879668049792, "medio termine": 0.07468879668049792, "giovane": 0.07261410788381743, "piccoli": 0.07261410788381743, "febbre": 0.07261410788381743, "italiani": 0.07261410788381743, "dovuto": 0.07261410788381743, "praticamente": 0.07261410788381743, "variante delta": 0.07261410788381743, "asintomatico": 0.07053941908713693, "sviluppa": 0.07053941908713693, "guarigione": 0.07053941908713693, "storia": 0.07053941908713693, "incidenza": 0.07053941908713693, "tratta": 0.07053941908713693, "bimbi": 0.07053941908713693, "ok": 0.07053941908713693, "leggere": 0.07053941908713693, "sequele": 0.07053941908713693, "parlato": 0.07053941908713693, "fortuna": 0.07053941908713693, "percentuali": 0.06846473029045644, "livello": 0.06846473029045644, "fatti": 0.06846473029045644, "evidenze": 0.06846473029045644, "soffrire": 0.06846473029045644, "sicuro": 0.06846473029045644, "circolazione": 0.06846473029045644, "scuole": 0.06846473029045644, "serie": 0.06846473029045644, "tema": 0.06846473029045644, "protegge": 0.06846473029045644, "parlando": 0.06846473029045644, "dovrebbero": 0.06846473029045644, "passato": 0.06846473029045644, "malattia grave": 0.06846473029045644, "reazioni avverse": 0.06846473029045644, "penso": 0.06639004149377593, "stanchezza": 0.06639004149377593, "riguarda": 0.06639004149377593, "over": 0.06639004149377593, "guarito": 0.06639004149377593, "parli": 0.06639004149377593, "costi": 0.06639004149377593, "forma": 0.06431535269709543, "morto": 0.06431535269709543, "complicanze": 0.06431535269709543,