{"sintomi": 1.0, "effetti": 0.868632707774799, "bambini": 0.7345844504021448, "dati": 0.6407506702412868, "danni": 0.6112600536193029, "esiste": 0.5630026809651475, "malattia": 0.5576407506702413, "pazienti": 0.4906166219839142, "rischio": 0.4718498659517426, "problema": 0.46380697050938335, "infezione": 0.45576407506702415, "omicron": 0.45308310991957107, "morti": 0.4477211796246649, "casi": 0.4289544235924933, "problemi": 0.41823056300268097, "colpa": 0.41823056300268097, "causa": 0.38873994638069703, "preso": 0.3726541554959786, "conseguenze": 0.3699731903485255, "parla": 0.3672922252010724, "dosi": 0.36193029490616624, "effetto": 0.3351206434316354, "pandemia": 0.32439678284182305, "vax": 0.32171581769436997, "studio": 0.3163538873994638, "effetti avversi": 0.30831099195710454, "studi": 0.30563002680965146, "possono": 0.2949061662198391, "sa": 0.2868632707774799, "gravi": 0.27882037533512066, "parlare": 0.2734584450402145, "malati": 0.2707774798927614, "almeno": 0.26541554959785524, "ormai": 0.257372654155496, "post": 0.257372654155496, "medici": 0.2546916890080429, "effetti collaterali": 0.2520107238605898, "dicono": 0.24396782841823056, "giovani": 0.2359249329758713, "ovviamente": 0.23324396782841822, "viene": 0.23324396782841822, "patologia": 0.21983914209115282, "ricerca": 0.21715817694369974, "grave": 0.21447721179624665, "tanti": 0.21179624664879357, "novax": 0.20911528150134048, "vero": 0.20911528150134048, "so": 0.20911528150134048, "ce": 0.2064343163538874, "dato": 0.2037533512064343, "capire": 0.20107238605898123, "putin": 0.19839142091152814, "salute": 0.19839142091152814, "raffreddore": 0.19839142091152814, "pare": 0.19571045576407506, "chiama": 0.1903485254691689, "influenza": 0.1903485254691689, "cervello": 0.1876675603217158, "sappiamo": 0.1876675603217158, "vedere": 0.18498659517426275, "guariti": 0.18498659517426275, "davvero": 0.18498659517426275, "medico": 0.18498659517426275, "miocarditi": 0.18498659517426275, "credo": 0.17962466487935658, "colpisce": 0.17962466487935658, "s\u00ec": 0.1769436997319035, "cose": 0.1742627345844504, "soffre": 0.17158176943699732, "tipo": 0.17158176943699732, "evitare": 0.17158176943699732, "realt\u00e0": 0.17158176943699732, "tweet": 0.16890080428954424, "mese": 0.16621983914209115, "longcovidkids": 0.16621983914209115, "morte": 0.16621983914209115, "capito": 0.16353887399463807, "dovrebbe": 0.16353887399463807, "sistema immunitario": 0.16085790884718498, "sicuramente": 0.1581769436997319, "varianti": 0.1581769436997319, "rischi": 0.1581769436997319, "ospedale": 0.1581769436997319, "lc": 0.1581769436997319, "marzo": 0.1554959785522788, "chiamano": 0.1554959785522788, "strascichi": 0.15281501340482573, "contagio": 0.15281501340482573, "neanche": 0.15281501340482573, "account": 0.15281501340482573, "ragione": 0.15013404825737264, "distanza": 0.15013404825737264, "importante": 0.15013404825737264, "paura": 0.14745308310991956, "senso": 0.14745308310991956, "altra": 0.14745308310991956, "cazzo": 0.1447721179624665, "pensa": 0.1447721179624665, "conosco": 0.1447721179624665, "patologie": 0.1447721179624665, "articolo": 0.14209115281501342, "nuova": 0.14209115281501342, "danno": 0.14209115281501342, "asintomatico": 0.14209115281501342, "diabete": 0.13941018766756033, "ipotesi": 0.13672922252010725, "sintomo": 0.13672922252010725, "sarscov": 0.13404825737265416, "vuole": 0.13404825737265416, "fatti": 0.13404825737265416, "diagnosi": 0.13404825737265416, "scienza": 0.13404825737265416, "correlazione": 0.13404825737265416, "termine": 0.13404825737265416, "contagi": 0.13136729222520108, "far": 0.13136729222520108, "attenzione": 0.13136729222520108, "nn": 0.13136729222520108, "guerra": 0.128686327077748, "stanchezza": 0.128686327077748, "thread": 0.128686327077748, "infezioni": 0.128686327077748, "spero": 0.1260053619302949, "pensare": 0.1260053619302949, "numeri": 0.1260053619302949, "prendere": 0.1260053619302949, "persona": 0.12332439678284182, "cure": 0.12332439678284182, "cuore": 0.12332439678284182, "leggere": 0.12332439678284182, "serve": 0.12332439678284182, "posso": 0.12064343163538874, "bisogna": 0.12064343163538874, "livello": 0.12064343163538874, "sindrome": 0.12064343163538874, "cura": 0.12064343163538874, "soffrono": 0.11796246648793565, "protezione": 0.11796246648793565, "letto": 0.11796246648793565, "esistono": 0.11796246648793565, "praticamente": 0.11796246648793565, "mal testa": 0.11796246648793565, "decessi": 0.11528150134048257, "penso": 0.11528150134048257, "possiamo": 0.11528150134048257, "aumento": 0.11528150134048257, "ok": 0.11528150134048257, "lieve": 0.11528150134048257, "dose": 0.11528150134048257, "mascherine": 0.1126005361930295, "veramente": 0.1126005361930295, "situazione": 0.1126005361930295, "vogliono": 0.1126005361930295, "pochi": 0.1126005361930295, "et\u00e0": 0.1126005361930295, "sindrome pasc": 0.1126005361930295, "settimane": 0.10991957104557641, "contratto": 0.10991957104557641, "bimbi": 0.10991957104557641, "potrebbero": 0.10991957104557641, "prende": 0.10991957104557641, "febbre": 0.10991957104557641, "possibile": 0.10723860589812333, "numero": 0.10723860589812333, "usa": 0.10723860589812333, "sai": 0.10723860589812333, "dare": 0.10723860589812333, "diranno": 0.10723860589812333, "reazioni avverse": 0.10723860589812333, "sapere": 0.10455764075067024, "effetti termine": 0.10455764075067024, "vaccinarsi": 0.10187667560321716, "impatto": 0.10187667560321716, "reinfezioni": 0.10187667560321716, "sagan": 0.10187667560321716, "nuova malattia": 0.10187667560321716, "continua": 0.09919571045576407, "scusa": 0.09919571045576407, "sanno": 0.09919571045576407, "base": 0.09919571045576407, "chiss\u00e0": 0.09919571045576407, "politica": 0.09919571045576407, "paziente": 0.09919571045576407, "passato": 0.09651474530831099, "dovuto": 0.09651474530831099, "esperti": 0.09651474530831099, "conto": 0.09651474530831099, "corpo": 0.09651474530831099, "fragili": 0.09651474530831099, "analisi": 0.09651474530831099, "resto": 0.09651474530831099, "dobbiamo": 0.09651474530831099, "guarda": 0.09651474530831099, "ragazzi": 0.09651474530831099, "chiaro": 0.09651474530831099, "eventi avversi": 0.09651474530831099, "esattamente": 0.0938337801608579, "capisco": 0.0938337801608579, "popolazione": 0.0938337801608579, "punto": 0.0938337801608579, "asintomatici": 0.0938337801608579, "unico": 0.0938337801608579, "idea": 0.0938337801608579, "giusto": 0.0938337801608579, "verit\u00e0": 0.0938337801608579, "vedo": 0.0938337801608579, "quarta dose": 0.0938337801608579, "malattia cardiaca": 0.0938337801608579, "sviluppare": 0.09115281501340483, "narrazione": 0.09115281501340483, "significa": 0.09115281501340483, "fenomeno": 0.09115281501340483, "diversi": 0.09115281501340483, "qualsiasi": 0.09115281501340483, "guarito": 0.09115281501340483, "amici": 0.09115281501340483, "etc": 0.09115281501340483, "vaccinata": 0.09115281501340483, "buona": 0.09115281501340483, "italiani": 0.08847184986595175, "ondata": 0.08847184986595175, "ospedali": 0.08847184986595175, "miocardite": 0.08847184986595175, "chiedo": 0.08847184986595175, "vengono": 0.08847184986595175, "positivi": 0.08847184986595175, "medicina": 0.08847184986595175, "molte": 0.08847184986595175, "stare": 0.08847184986595175, "pediatrico": 0.08847184986595175, "incidenza": 0.08847184986595175, "conseguenza": 0.08847184986595175, "problemi cardiaci": 0.08847184986595175, "possibilit\u00e0": 0.08579088471849866, "soggetti": 0.08579088471849866, "infettati": 0.08579088471849866, "inizio": 0.08579088471849866, "galli": 0.08579088471849866, "vaccinare": 0.08579088471849866, "paper": 0.08579088471849866, "malattie": 0.08579088471849866, "primi": 0.08579088471849866, "sicuro": 0.08579088471849866, "puoi": 0.08579088471849866, "guarigione": 0.08579088471849866, "variante postumi": 0.08579088471849866, "dura": 0.08310991957104558, "riguarda": 0.08310991957104558, "ucraina": 0.08310991957104558, "condizione": 0.08310991957104558, "famiglia": 0.08310991957104558,