{"bambini": 1.0, "effetti": 0.5065963060686016, "sintomi": 0.4630606860158311, "rischio": 0.41160949868073876, "morti": 0.4076517150395778, "malattia": 0.3627968337730871, "casi": 0.3575197889182058, "dati": 0.31398416886543534, "esiste": 0.2941952506596306, "omicron": 0.2757255936675462, "problema": 0.2717678100263852, "danni": 0.262532981530343, "conseguenze": 0.24538258575197888, "problemi": 0.22955145118733508, "sa": 0.22559366754617413, "parla": 0.22163588390501318, "infezione": 0.20316622691292877, "giovani": 0.19656992084432717, "studi": 0.18997361477572558, "possono": 0.18337730870712401, "pazienti": 0.1820580474934037, "rischi": 0.1820580474934037, "parlare": 0.17810026385224276, "studio": 0.17282321899736147, "morte": 0.16886543535620052, "novax": 0.15699208443271767, "pandemia": 0.15567282321899736, "vax": 0.15303430079155672, "contagio": 0.14775725593667546, "causa": 0.14643799472295516, "influenza": 0.14511873350923482, "ospedale": 0.14511873350923482, "so": 0.14511873350923482, "terapia intensiva": 0.1437994722955145, "salute": 0.13324538258575197, "sindrome": 0.13192612137203166, "termine": 0.13060686015831136, "evitare": 0.1266490765171504, "longcovidkids": 0.12532981530343007, "numeri": 0.12137203166226913, "bimbi": 0.12005277044854881, "paura": 0.11741424802110818, "guariti": 0.11741424802110818, "post": 0.11609498680738786, "tanti": 0.11477572559366754, "pare": 0.11345646437994723, "vero": 0.11345646437994723, "sappiamo": 0.11345646437994723, "gravi": 0.11213720316622691, "preso": 0.11213720316622691, "grave": 0.11081794195250659, "contagi": 0.10949868073878628, "effetti termine": 0.10949868073878628, "mis": 0.10554089709762533, "capire": 0.10554089709762533, "cure": 0.10422163588390501, "s\u00ec": 0.10422163588390501, "davvero": 0.10290237467018469, "sarscov": 0.10290237467018469, "credo": 0.10158311345646438, "medici": 0.10158311345646438, "malati": 0.10158311345646438, "almeno": 0.10026385224274406, "asintomatici": 0.10026385224274406, "ospedali": 0.09498680738786279, "conosco": 0.09366754617414248, "capito": 0.09366754617414248, "cose": 0.09234828496042216, "patologie": 0.09102902374670185, "dato": 0.09102902374670185, "realt\u00e0": 0.09102902374670185, "dosi": 0.09102902374670185, "raffreddore": 0.09102902374670185, "strascichi": 0.08970976253298153, "dicono": 0.08839050131926121, "colpisce": 0.08839050131926121, "settimane": 0.0870712401055409, "esistono": 0.0870712401055409, "ormai": 0.08575197889182058, "letto": 0.08575197889182058, "scuola": 0.08575197889182058, "viene": 0.08443271767810026, "vaccinarsi": 0.08443271767810026, "far": 0.08311345646437995, "adulti": 0.08311345646437995, "morire": 0.08311345646437995, "effetto": 0.08311345646437995, "fragili": 0.08179419525065963, "ospedalizzazioni": 0.08179419525065963, "possibile": 0.08047493403693931, "mese": 0.08047493403693931, "figli": 0.08047493403693931, "uk": 0.079155672823219, "nn": 0.079155672823219, "decessi": 0.07651715039577836, "spero": 0.07651715039577836, "positivi": 0.07519788918205805, "ovviamente": 0.07519788918205805, "cazzo": 0.07519788918205805, "medico": 0.07519788918205805, "ricerca": 0.07387862796833773, "cervello": 0.07387862796833773, "pochi": 0.07387862796833773, "ricoveri": 0.07255936675461741, "bisogna": 0.07255936675461741, "prendere": 0.07255936675461741, "vanno": 0.07255936675461741, "vuole": 0.07255936675461741, "punto": 0.0712401055408971, "dovrebbe": 0.0712401055408971, "situazione": 0.0712401055408971, "ce": 0.0712401055408971, "importante": 0.0712401055408971, "piccoli": 0.06992084432717678, "possibilit\u00e0": 0.06992084432717678, "sapere": 0.06992084432717678, "tipo": 0.06860158311345646, "scienza": 0.06860158311345646, "sai": 0.06728232189973615, "senso": 0.06728232189973615, "under": 0.06728232189973615, "periodo": 0.06728232189973615, "effetti collaterali": 0.06728232189973615, "lockdown": 0.06596306068601583, "ragione": 0.06596306068601583, "contare": 0.06596306068601583, "zero": 0.06596306068601583, "vedere": 0.06596306068601583, "neanche": 0.06596306068601583, "posso": 0.06596306068601583, "altra": 0.06464379947229551, "et\u00e0": 0.06464379947229551, "probabilit\u00e0": 0.0633245382585752, "sicuramente": 0.0633245382585752, "numero": 0.06200527704485488, "figlio": 0.06200527704485488, "distanza": 0.06200527704485488, "miocarditi": 0.06068601583113457, "gt": 0.06068601583113457, "articolo": 0.06068601583113457, "questione": 0.059366754617414245, "usa": 0.059366754617414245, "cura": 0.059366754617414245, "pensare": 0.059366754617414245, "genitori": 0.059366754617414245, "penso": 0.059366754617414245, "migliaia": 0.059366754617414245, "vaccinare": 0.05804749340369393, "sicuro": 0.05804749340369393, "idea": 0.05804749340369393, "chiaro": 0.05804749340369393, "pensa": 0.05804749340369393, "persona": 0.05672823218997362, "potrebbero": 0.05672823218997362, "parlano": 0.055408970976253295, "speriamo": 0.055408970976253295, "domanda": 0.055408970976253295, "thread": 0.055408970976253295, "rischiano": 0.055408970976253295, "media": 0.055408970976253295, "considerare": 0.055408970976253295, "varianti": 0.05408970976253298, "ragazzi": 0.05408970976253298, "patologia": 0.05408970976253298, "incidenza": 0.05408970976253298, "colpa": 0.05408970976253298, "rischiare": 0.05408970976253298, "parliamo": 0.05408970976253298, "soffrono": 0.05408970976253298, "sanno": 0.052770448548812667, "soggetti": 0.052770448548812667, "giusto": 0.052770448548812667, "molte": 0.052770448548812667, "cc": 0.051451187335092345, "cosiddetto": 0.051451187335092345, "stare": 0.051451187335092345, "motivo": 0.051451187335092345, "muoiono": 0.051451187335092345, "dare": 0.051451187335092345, "andare": 0.051451187335092345, "serve": 0.051451187335092345, "fortuna": 0.051451187335092345, "postumi": 0.051451187335092345, "curare": 0.051451187335092345, "rischio studio": 0.051451187335092345, "fascia": 0.05013192612137203, "stanchezza": 0.05013192612137203, "guarigione": 0.05013192612137203, "guarda": 0.05013192612137203, "puoi": 0.05013192612137203, "fatti": 0.05013192612137203, "bambino": 0.05013192612137203, "impatto": 0.05013192612137203, "dad": 0.05013192612137203, "etc": 0.05013192612137203, "sentito parlare": 0.05013192612137203, "forma": 0.048812664907651716, "danno": 0.048812664907651716, "percentuale": 0.048812664907651716, "resto": 0.048812664907651716, "ospedalizzati": 0.048812664907651716, "serie": 0.048812664907651716, "test": 0.048812664907651716, "ridurre": 0.047493403693931395, "chiama": 0.047493403693931395, "delta": 0.047493403693931395, "disturbi": 0.047493403693931395, "esattamente": 0.047493403693931395, "popolazione": 0.047493403693931395, "dovuto": 0.047493403693931395, "chiss\u00e0": 0.047493403693931395, "scuole": 0.047493403693931395, "ok": 0.047493403693931395, "ricovero": 0.047493403693931395, "polmoni": 0.04617414248021108, "protegge": 0.04617414248021108, "soffre": 0.04617414248021108, "muore": 0.04617414248021108, "ssn": 0.04617414248021108, "sviluppare": 0.04617414248021108, "morto": 0.04617414248021108, "gg": 0.04617414248021108, "anziani": 0.04617414248021108, "appena": 0.04617414248021108, "riguarda": 0.04617414248021108, "vaccinate": 0.04617414248021108, "miocardite": 0.044854881266490766, "prende": 0.044854881266490766, "prof": 0.044854881266490766, "tweet": 0.044854881266490766, "auguro": 0.044854881266490766, "unico": 0.044854881266490766, "leggere": 0.044854881266490766, "contagiati": 0.044854881266490766, "lieve": 0.044854881266490766, "ricoverati": 0.044854881266490766, "vorrei": 0.044854881266490766, "organi": 0.044854881266490766, "primi": 0.044854881266490766, "effetti avversi": 0.044854881266490766, "positivo": 0.04353562005277045, "sani": 0.04353562005277045, "parli": 0.04353562005277045, "capisco": 0.04353562005277045, "continua": 0.04353562005277045, "presto": 0.04353562005277045, "buona": 0.04353562005277045, "scelta": 0.04353562005277045, "infezioni": 0.04353562005277045, "malattie": 0.04353562005277045,