{"sintomi": 1.0, "effetti": 0.7626459143968871, "esiste": 0.6653696498054474, "dati": 0.6575875486381323, "infezione": 0.5953307392996109, "pazienti": 0.5914396887159533, "malattia": 0.5447470817120622, "problema": 0.5447470817120622, "rischio": 0.48638132295719844, "problemi": 0.46303501945525294, "danni": 0.46303501945525294, "studio": 0.4474708171206226, "galli": 0.4163424124513619, "morti": 0.4085603112840467, "bambini": 0.4046692607003891, "dosi": 0.4046692607003891, "omicron": 0.38132295719844356, "causa": 0.3657587548638132, "vax": 0.36186770428015563, "post": 0.36186770428015563, "studi": 0.36186770428015563, "preso": 0.36186770428015563, "effetti avversi": 0.35019455252918286, "medici": 0.3229571984435798, "casi": 0.30739299610894943, "parla": 0.3035019455252918, "sa": 0.29961089494163423, "salute": 0.2918287937743191, "vero": 0.2918287937743191, "influenza": 0.2918287937743191, "parlare": 0.28793774319066145, "almeno": 0.2801556420233463, "pfizer moderna": 0.2801556420233463, "colpa": 0.27626459143968873, "conseguenze": 0.26848249027237353, "cdc fda": 0.26459143968871596, "fda pfizer": 0.26459143968871596, "vaccinesideeffects infarto": 0.26459143968871596, "infarto diedsuddenly": 0.26459143968871596, "termine": 0.25680933852140075, "who vaccinesideeffects": 0.25680933852140075, "gravi": 0.2529182879377432, "medico": 0.2490272373540856, "causato": 0.245136186770428, "possono": 0.22957198443579765, "ricerca": 0.22957198443579765, "pare": 0.22568093385214008, "realt\u00e0": 0.22568093385214008, "s\u00ec": 0.22178988326848248, "ce": 0.2178988326848249, "effetto": 0.21011673151750973, "tipo": 0.21011673151750973, "novax": 0.21011673151750973, "ormai": 0.21011673151750973, "malati": 0.20622568093385213, "cose": 0.20233463035019456, "varianti": 0.20233463035019456, "contagi": 0.20233463035019456, "patologia": 0.20233463035019456, "ovviamente": 0.19844357976653695, "so": 0.19844357976653695, "cazzo": 0.19455252918287938, "subitement who": 0.19455252918287938, "capire": 0.19066147859922178, "raffreddore": 0.19066147859922178, "conosco": 0.19066147859922178, "importante": 0.19066147859922178, "moderna subitement": 0.19066147859922178, "cura": 0.1867704280155642, "ospedale": 0.1867704280155642, "dato": 0.1828793774319066, "colpisce": 0.1828793774319066, "oms": 0.1828793774319066, "effetti collaterali": 0.1828793774319066, "potrebbero innescati": 0.1828793774319066, "innescati vaccinazioni": 0.1828793774319066, "punto": 0.17898832684824903, "davvero": 0.17509727626459143, "pandemia": 0.17509727626459143, "variante": 0.17509727626459143, "verit\u00e0": 0.17509727626459143, "articolo": 0.17509727626459143, "dosi proteggono": 0.17509727626459143, "altra": 0.17120622568093385, "dicono": 0.17120622568093385, "reazioni avverse": 0.17120622568093385, "aumento": 0.16731517509727625, "strascichi": 0.16342412451361868, "evitare": 0.16342412451361868, "vuole": 0.16342412451361868, "giovani": 0.16342412451361868, "account": 0.16342412451361868, "mascherine": 0.15953307392996108, "credo": 0.15953307392996108, "ondata": 0.15953307392996108, "sistema immunitario": 0.1556420233463035, "tanti sintomi": 0.1556420233463035, "capito": 0.1517509727626459, "scienza": 0.1517509727626459, "persona": 0.14785992217898833, "fragili": 0.14785992217898833, "numero": 0.14785992217898833, "uk": 0.14396887159533073, "buona": 0.14396887159533073, "nn": 0.14396887159533073, "cure": 0.14007782101167315, "contagio": 0.14007782101167315, "leggere": 0.14007782101167315, "grave": 0.14007782101167315, "mascherina": 0.14007782101167315, "possibile": 0.14007782101167315, "tanti": 0.14007782101167315, "continua": 0.13618677042801555, "pochi": 0.13618677042801555, "senso": 0.13618677042801555, "paura": 0.13618677042801555, "letto": 0.13618677042801555, "sappiamo": 0.13618677042801555, "puoi": 0.13618677042801555, "sapere": 0.13618677042801555, "viene dubbio": 0.13618677042801555, "praticamente": 0.13229571984435798, "andare": 0.13229571984435798, "vedere": 0.13229571984435798, "sintomi viene": 0.13229571984435798, "the lancet": 0.13229571984435798, "popolazione": 0.12840466926070038, "cancro": 0.12840466926070038, "settimane": 0.12840466926070038, "distanza": 0.12840466926070038, "twitter": 0.12840466926070038, "impatto": 0.12840466926070038, "sanno": 0.12840466926070038, "guarda": 0.12840466926070038, "morte": 0.12840466926070038, "dubbio considerare": 0.12840466926070038, "rischi": 0.1245136186770428, "bisogna": 0.1245136186770428, "speranza": 0.1245136186770428, "mese": 0.1245136186770428, "danno": 0.1245136186770428, "patologie": 0.1245136186770428, "infezioni": 0.1245136186770428, "muore": 0.1245136186770428, "considerare potrebbero": 0.1245136186770428, "protegge": 0.12062256809338522, "et\u00e0": 0.12062256809338522, "questione": 0.12062256809338522, "prendere": 0.12062256809338522, "cc": 0.12062256809338522, "tweet": 0.12062256809338522, "soffrono": 0.12062256809338522, "chiama": 0.12062256809338522, "chiamano": 0.12062256809338522, "giugno": 0.12062256809338522, "sarscov": 0.11673151750972763, "disturbi": 0.11673151750972763, "penso": 0.11673151750972763, "far": 0.11673151750972763, "posso": 0.11673151750972763, "reinfezioni": 0.11673151750972763, "adolescenti": 0.11673151750972763, "siero": 0.11673151750972763, "italiani": 0.11673151750972763, "conseguenza": 0.11673151750972763, "veramente": 0.11284046692607004, "sai": 0.11284046692607004, "decessi": 0.11284046692607004, "dose": 0.11284046692607004, "stare": 0.11284046692607004, "correlazione": 0.11284046692607004, "tratta": 0.11284046692607004, "base": 0.11284046692607004, "lc": 0.11284046692607004, "primi": 0.11284046692607004, "sindrome": 0.10894941634241245, "definizione": 0.10894941634241245, "pensa": 0.10894941634241245, "storia": 0.10894941634241245, "vanno": 0.10894941634241245, "nuova": 0.10894941634241245, "appena": 0.10894941634241245, "morto": 0.10894941634241245, "delta": 0.10894941634241245, "passato": 0.10894941634241245, "dovrebbe": 0.10894941634241245, "ultimi": 0.10894941634241245, "febbre": 0.10505836575875487, "postumi": 0.10505836575875487, "viene": 0.10505836575875487, "resto": 0.10505836575875487, "ragione": 0.10505836575875487, "eventi avversi": 0.10505836575875487, "curare": 0.10116731517509728, "vaccinata": 0.10116731517509728, "entra": 0.10116731517509728, "stanchezza": 0.10116731517509728, "polmonite": 0.10116731517509728, "domanda": 0.10116731517509728, "situazione": 0.10116731517509728, "neanche": 0.10116731517509728, "scritto": 0.10116731517509728, "esistono": 0.10116731517509728, "qualsiasi": 0.10116731517509728, "marzo": 0.10116731517509728, "positivo": 0.10116731517509728, "spero": 0.10116731517509728, "parole": 0.10116731517509728, "amici": 0.09727626459143969, "scuola": 0.09727626459143969, "esista": 0.09727626459143969, "fatti": 0.09727626459143969, "parlano": 0.09727626459143969, "chiaro": 0.09727626459143969, "esistenza": 0.09727626459143969, "prof": 0.09727626459143969, "notizia": 0.09727626459143969, "credere": 0.09727626459143969, "serve": 0.09727626459143969, "dovuto": 0.09727626459143969, "guarito": 0.0933852140077821, "social": 0.0933852140077821, "sicuramente": 0.0933852140077821, "etc": 0.0933852140077821, "semplice": 0.0933852140077821, "farlo": 0.0933852140077821, "differenza": 0.0933852140077821, "vedo": 0.0933852140077821, "possibilit\u00e0": 0.0933852140077821, "numeri": 0.0933852140077821, "spike": 0.0933852140077821, "enne": 0.0933852140077821, "semplicemente": 0.0933852140077821, "bambini sintomi": 0.0933852140077821, "infettati": 0.08949416342412451, "vuol": 0.08949416342412451, "postcovid": 0.08949416342412451, "dobbiamo": 0.08949416342412451, "zero": 0.08949416342412451, "tema": 0.08949416342412451, "contagiati": 0.08949416342412451, "sanit\u00e0": 0.08949416342412451, "malattie": 0.08949416342412451, "sento": 0.08949416342412451, "guariti": 0.08949416342412451, "sequele": 0.08949416342412451, "sviluppato": 0.08949416342412451, "nebbia mentale": 0.08949416342412451,