{"effetti": 1.0, "sintomi": 0.8835028098980598, "bambini": 0.7449095259071046, "malattia": 0.5285133088379179, "rischio": 0.5000928424343101, "giovani": 0.48172733423708164, "morti": 0.47373635208985637, "termine": 0.4703815667091245, "pazienti": 0.43816998037013855, "danni": 0.43076182108000716, "problemi": 0.37871646970258477, "conseguenze": 0.3748793166926809, "esiste": 0.3711941964542226, "studio": 0.3625076769820414, "casi": 0.36018405204590637, "gravi": 0.3544346824253505, "dati": 0.3510379537541037, "sappiamo": 0.3371163143867532, "infezione": 0.33476035300389356, "parlare": 0.3305352549368742, "problema": 0.32377025061935694, "parla": 0.3157994569551162, "grave": 0.30017159159691403, "salute": 0.29223374657628437, "rischi": 0.28944532677679924, "sindrome": 0.2800446916868194, "colpisce": 0.2681348607203024, "possono": 0.2573959706255844, "sa": 0.2562955961403833, "guariti": 0.25209804237074224, "effetto": 0.24176265932717064, "malati": 0.24009718206552344, "effetti termine": 0.2395048922657731, "cure": 0.234301636040764, "uk": 0.22958359251279137, "et\u00e0": 0.22721173625113086, "studi": 0.22192769792699682, "morte": 0.2210172993519424, "dura": 0.21492301780567175, "longcovidkids": 0.21349700443601158, "disturbi": 0.21063472012039927, "post": 0.20803809333462892, "vero": 0.20722198431798292, "ricerca": 0.20330674729885326, "ospedale": 0.19833343938442158, "forma": 0.19427406567914118, "causa": 0.1909284762194161, "varianti": 0.1855413097562559, "contagio": 0.18491956458118367, "pandemia": 0.18480763514296414, "cura": 0.17504804864031262, "influenza": 0.17482820777656327, "ragazzi": 0.1690904160150823, "so": 0.16751591359944418, "evitare": 0.1670466010837155, "strascichi": 0.1654779743152507, "realt\u00e0": 0.1649532796643764, "dose": 0.1635635466685384, "sarscov": 0.16281639611299892, "credo": 0.16167550806116865, "medici": 0.16158833403582004, "vaccinarsi": 0.1610784348590088, "delta": 0.1596587226965869, "s\u00ec": 0.1579908429479789, "letto": 0.1576586742458955, "soffre": 0.15634054563487382, "conosco": 0.1558256522833987, "terapia": 0.1546631023649999, "distanza": 0.15439843345591886, "sentito": 0.15175989345148913, "paura": 0.15121239297093986, "collaterali": 0.15007319985859338, "diversi": 0.14840558913920213, "ospedalizzazioni": 0.14768108921471826, "capire": 0.1471887871526349, "pochi": 0.1464158991020154, "persona": 0.1439477059369353, "probabilit\u00e0": 0.14337799577875782, "almeno": 0.1432771765699435, "vuole": 0.14323497082151546, "pare": 0.1427216021485546, "finire": 0.14176237400396335, "effetti collaterali": 0.14144081070231787, "zangrillo": 0.14010215524718284, "asintomatici": 0.13873837796127617, "decessi": 0.1380947308588133, "novax": 0.13735440985943423, "morire": 0.13376181858030545, "patologia": 0.13266107203118016, "intensiva": 0.13250281842479203, "soffrono": 0.1323944613302164, "contare": 0.12998288285080584, "bisogna": 0.12963327050523452, "ricoveri": 0.1293822996562441, "terapia intensiva": 0.12880713641546176, "preso": 0.1278783769644227, "ormai": 0.12770002872104294, "punto": 0.12747027532634575, "numeri": 0.12610841607499582, "guarigione": 0.1260716366856698, "altra": 0.12447083339009463, "davvero": 0.12344074032107132, "vaccinare": 0.12291545561190975, "under": 0.12275629001402107, "terapie": 0.12268869838472411, "medico": 0.12192406318274797, "possibile": 0.12122026537904303, "ospedali": 0.12103781774602444, "prendere": 0.12042146162833904, "sviluppare": 0.12035533157702606, "media": 0.12028720563633259, "vedere": 0.11982868321681979, "vax": 0.11965682407517766, "tipo": 0.11930918716777442, "dicono": 0.11915652106824141, "rischiare": 0.11853215160057688, "sentito parlare": 0.11836518202439922, "cuore": 0.11835718631062173, "patologie": 0.11808797587939807, "gt": 0.11729752298293077, "scuola": 0.11727716937326503, "anticorpi": 0.11710442896388865, "tanti": 0.11694560950877576, "capito": 0.11683330875551003, "stanchezza": 0.11666934431642452, "migliaia": 0.11660775582288863, "ovviamente": 0.11550940767975755, "sistema": 0.1154032780826923, "idea": 0.11500030569899188, "mese": 0.11412861992048226, "dato": 0.11384480348961125, "sicuramente": 0.1115364714961333, "far": 0.11136353935526493, "fibromialgia": 0.11122001321175728, "possibilit\u00e0": 0.11069805424748619, "nn": 0.11014925064723967, "esistono": 0.1097482444604661, "variante": 0.10937862792112125, "etc": 0.10859367366449783, "ricoverati": 0.10737765297683562, "leggere": 0.10678111244396724, "curare": 0.10677752169167869, "percentuale": 0.10658599537037504, "affetti": 0.10615541032146385, "memoria": 0.10590740321171528, "importante": 0.105434816331803, "monitorato": 0.10535593049417763, "viene": 0.10448343370486748, "neanche": 0.10333280423808436, "cc": 0.10252393266606406, "permanenti": 0.10229816069381387, "zero": 0.10174846866707975, "monitorato dura": 0.10143358818010378, "vedi": 0.10137218722898514, "cervello": 0.10103985351436612, "vanno": 0.10103130460560843, "ce": 0.10093629265504159, "rischiano": 0.10075239588582921, "contagi": 0.10001648770421213, "malattie": 0.10001336584176243, "resto": 0.09982188677678536, "oms": 0.0995580975635238, "ammalano": 0.0986731063817902, "popolazione": 0.0982835940630895, "sviluppa": 0.0980990821274453, "articolo": 0.09782248808949189, "lievi": 0.09744097152733758, "sai": 0.09728031004432587, "numero": 0.09722653899493822, "lockdown": 0.09687897496770917, "postumi": 0.09651658131622345, "sapere": 0.09627004798459973, "policlinico": 0.09602557232930137, "reazioni": 0.09597867749747153, "cose": 0.0957782011583166, "mortalit\u00e0": 0.09550456057220992, "neurologici": 0.09537946224978741, "farmaci": 0.09536169439845377, "settimane": 0.09535745323609372, "parlando": 0.09526510316258001, "durano": 0.09488875996087653, "ragione": 0.09486261855448963, "iss": 0.09474203935913986, "muore": 0.0943624169028298, "evidenze": 0.09418830713878777, "dovrebbe": 0.09366661767842394, "guarito": 0.09364145009904513, "vaccinatevi": 0.09335531424886895, "senso": 0.09327457899288884, "forme": 0.09327074376693664, "serve": 0.09323696695530319, "protegge": 0.0928255504976095, "impatto": 0.09276857148051312, "continua": 0.09269465593543667, "spero": 0.09253106848617171, "ospedalizzati": 0.09250310222264399, "puoi": 0.09249984507091277, "ecm": 0.09246263733239257, "tema": 0.09211817516774504, "immunit\u00e0": 0.09189566265888663, "amici": 0.09178473053484465, "vaccina": 0.09158379610183054, "sani": 0.09097402526173454, "hamilton": 0.09069199271505897, "cognitivi": 0.09057418033997498, "olfatto": 0.0905585296627607, "polmoni": 0.09048769602227552, "dosi": 0.09030337294352665, "fase": 0.09014286535467633, "riduce": 0.08987266269012505, "parli": 0.08957482944558945, "met\u00e0": 0.08953392908772351, "situazione": 0.08936106636565748, "ricovero": 0.0890629874527148, "gemelli": 0.08896160087113772, "considerare": 0.0889145711008967, "andare": 0.08874173514920873, "potrebbero": 0.08871536510562238, "adulti": 0.08870172637124124, "acuta": 0.0885937959806682, "pensare": 0.0885829891026596, "mondiale": 0.08821094686839626, "sangue": 0.08794924688504054, "esperienza": 0.0877971410589809, "base": 0.08756437432877633, "significa": 0.08695781713661217, "conto": 0.0868394157320511, "scienza": 0.08653753996050781, "posso": 0.08639628487613756, "evita": 0.0863329620126833, "dolori": 0.0858276306252631, "medio": 0.08526228106824386, "rischia": 0.08508962886782492, "piccoli": 0.08490559479902005, "veramente": 0.0842424024940517, "organi": 0.08413988107601116, "soffrire": 0.0840204248857146, "soggetti": 0.08390902280244095, "contagiati": 0.08388974751116346, "thread": 0.08378938604049632, "paziente": 0.08378714727671246, "chiaro": 0.08359816375964843, "incidenza": 0.0835734997948481, "protezione": 0.0835652230831413, "lieve": 0.08341646669290564, "questione": 0.08313797103326129, "usa": 0.08302867265902475, "alberto": 0.08293867157633465, "seri": 0.08286083185211858, "assolutamente": 0.08251492430400037, "tweet": 0.08224912621409174,