{"effetti": 1.0, "sintomi": 0.8267780655854454, "bambini": 0.4888954767126848, "colpa": 0.4868942629774904, "malattia": 0.47727839521112925, "danni": 0.4279568114961925, "omicron": 0.42218746432943477, "esiste": 0.4089768077374183, "studio": 0.3909941637291218, "rischio": 0.38514632786297925, "effetto": 0.3759742718244546, "problemi": 0.37115193389842605, "infezione": 0.34910763112840404, "morti": 0.34535093938527506, "dati": 0.338500176058778, "pazienti": 0.3359659554920775, "casi": 0.31791315567207684, "preso": 0.30444631315225545, "avversi": 0.3029387741216232, "post": 0.28537288793251864, "sindrome": 0.27390614736281166, "problema": 0.2662827546631834, "variante": 0.2625176171901032, "effetti avversi": 0.2486891483210854, "parla": 0.24573207167123362, "colpisce": 0.24448313793465068, "pandemia": 0.24324625989459073, "nuova": 0.24265576987499263, "conseguenze": 0.24218693008215875, "causa": 0.2401491213592366, "studi": 0.234059136909831, "disturbi": 0.2339064256962056, "dosi": 0.22463173809784973, "putin": 0.21855142451480733, "collaterali": 0.21436765000848615, "novax": 0.21263924074590057, "salute": 0.2098809999279492, "vax": 0.2088567557772874, "sa": 0.20776977551658865, "parlare": 0.20752650352318758, "termine": 0.20352702476599313, "possono": 0.20305840291633356, "effetti collaterali": 0.19711576306635045, "soffre": 0.19526760841591445, "giovani": 0.19383987181848364, "chiama": 0.1894358381650485, "grave": 0.1854956162920019, "dose": 0.18457890222503187, "influenza": 0.1828335522425751, "medici": 0.18143396633265474, "dicono": 0.17881035305343582, "cervello": 0.17768837492589765, "galli": 0.1770759281703601, "postumi": 0.17442531397402608, "gravi": 0.17155855767508274, "diranno": 0.16744145465801624, "sistema": 0.1665301387523809, "mentale": 0.16382260512044447, "ricerca": 0.16371691278523923, "sicuramente": 0.1634586150438481, "malati": 0.1632523100355404, "testa": 0.16295855181278662, "s\u00ec": 0.1612588020235231, "realt\u00e0": 0.1608657758773128, "aprile": 0.1567902669816649, "viene": 0.15543321413904262, "ovviamente": 0.1550850320263416, "ce": 0.15426436393418438, "ormai": 0.15383706158886326, "varianti": 0.1534988370209663, "almeno": 0.1531107839141708, "chiamano": 0.1522172048542717, "allarme": 0.15031012871011443, "miocarditi": 0.1491902678100723, "vero": 0.14883533420557782, "olfatto": 0.14549888162283633, "capito": 0.14473851760562848, "pasc": 0.14454196775125158, "strascichi": 0.14434317147721326, "articolo": 0.13998520480421922, "rischi": 0.13637689958342983, "nebbia": 0.13500219010054343, "cure": 0.13484751486928354, "settimane": 0.13439461560640364, "capire": 0.1337010800904843, "guariti": 0.13316401855914003, "tanti": 0.132098045812058, "nasce": 0.13200401309782703, "protegge": 0.13168530700961945, "sagan": 0.13156311934525708, "pare": 0.1313995516657072, "covid_": 0.1311513896591576, "patologia": 0.12957363426345556, "stanchezza": 0.12944909860331047, "ospedale": 0.12751000636883453, "sindrome pasc": 0.12721028209654164, "diversi": 0.12496628272637722, "so": 0.12412229872848336, "sappiamo": 0.12308727749868648, "cazzo": 0.12306116062568809, "diabete": 0.12193330403282795, "longcovidkids": 0.12181427539310499, "dato": 0.12159844044357357, "raffreddore": 0.1214359826338509, "danno": 0.12101849899656802, "forma": 0.12087012797669484, "variante postumi": 0.1194614858294807, "tipo": 0.11924945196452945, "medico": 0.119129626961141, "vedere": 0.11858276105162062, "possibile": 0.11728648157893364, "cose": 0.11727123264322524, "sintomo": 0.11718591793749719, "cuore": 0.11514498187229831, "davvero": 0.11494028562530358, "ipotesi": 0.11442242212089887, "mal": 0.11435889056217338, "siero": 0.1141439169821603, "nuova malattia": 0.11390345530790316, "credo": 0.11301368362833665, "far": 0.11297739136398445, "visite": 0.11169906547137998, "et\u00e0": 0.11145915297089341, "cardiaca": 0.1111481222193484, "diagnosi": 0.11090735621966857, "correlazione": 0.11064806217403249, "roma": 0.11003897126358624, "neanche": 0.10986699847961057, "distanza": 0.10978827476027045, "asintomatico": 0.10975883535334786, "progetto": 0.10954823423397574, "terapia": 0.10944928341115226, "impatto": 0.10859093760081794, "sarscov": 0.10842250461623688, "perso": 0.10765589115256671, "attenzione": 0.10731779994143344, "malattia cardiaca": 0.10700483604705553, "evitare": 0.10624691883355446, "bimbi": 0.10576652331633135, "reazioni": 0.10534429528291311, "cura": 0.10501819414147759, "dovrebbe": 0.10454394196255043, "postumi studio": 0.10358138003707433, "scienza": 0.10322620477239147, "tweet": 0.10157694499467376, "immunitario": 0.10127176254772954, "altra": 0.10102648587784065, "eventi": 0.10014836167027515, "leggere": 0.09959554398785225, "mese": 0.09943588424131841, "media": 0.09940389686526523, "contagio": 0.09898100660343002, "fattori": 0.09847032045742374, "sento": 0.0983571396514659, "conosco": 0.09829819825151455, "ondata": 0.09823505816723138, "ragione": 0.09813627283805776, "dare": 0.09791837735735841, "morte": 0.09788516948753472, "miocardite": 0.0974719325724737, "punto": 0.09701693237756172, "ok": 0.09677462643747603, "quarta": 0.09668737717661188, "paura": 0.096589888589547, "depressione": 0.09654682935866657, "nasce sindrome": 0.09622316812643211, "sviluppare": 0.09608118163864811, "marzo": 0.09604290534479853, "patologie": 0.09540427732327839, "italiani": 0.09520243760151265, "pensa": 0.09473975335482471, "spero": 0.0938442839261905, "sistema immunitario": 0.09358889668370068, "mente": 0.09351287961928387, "importante": 0.09335672441367206, "buona": 0.09333401715508638, "account": 0.09297779408998166, "lc": 0.09248798018152421, "senso": 0.09152264247759423, "maggiore": 0.0910748980953906, "serve": 0.09101517927015691, "nuove": 0.0907572470547484, "guerra": 0.09048397189126664, "italiano": 0.0904745590403506, "adulti": 0.09038716596644676, "polmoni": 0.0902186435550068, "perdita": 0.08985421934300078, "sentito": 0.08977146684953541, "sai": 0.08973394165753469, "letto": 0.0895275295212324, "esperti": 0.08900947357189509, "vuole": 0.08874712926254952, "malattie": 0.08872723186678969, "guarigione": 0.08838499711625379, "prendere": 0.0881445850777868, "praticamente": 0.08808933717273792, "continua": 0.08804030734694446, "avverse": 0.08767695658322393, "soffrono": 0.08764322696140976, "infezioni": 0.08721373982800287, "usa": 0.08714847041440661, "veramente": 0.08709905005632537, "livello": 0.08689922615202857, "lieve": 0.08682849080803633, "persona": 0.08655967678874837, "fatti": 0.08636922111166555, "controllo": 0.08633143321775687, "mascherine": 0.08611939196055092, "dovuto": 0.0859837068538201, "cardiaci": 0.08584363803918711, "esistono": 0.08571492995464129, "aumento": 0.08555214670701296, "febbre": 0.0854769990545893, "mal testa": 0.08525152096717842, "thread": 0.08503440392193909, "pensare": 0.08493412889916721, "reazioni avverse": 0.08492142448760685, "lievi": 0.08489784361134667, "leggi": 0.0847740882665532, "possibili": 0.0845837429073061, "guarda": 0.08411906261073124, "primi": 0.08391722195067043, "prende": 0.0836996767495166, "cardiaca nasce": 0.08365408882930096, "bisogna": 0.08308366360940747, "adolescenti": 0.08267110936720408, "post malattia": 0.08257934412529887, "scusa": 0.08206274636457332, "news": 0.08194486093507271, "popolazione": 0.081291453118638, "mica": 0.08098301833618694, "succede": 0.08096256927056067, "riconoscere": 0.08096187632495415, "eventi avversi": 0.08088746221179079, "contratto": 0.08086423510204736, "dolori": 0.08081687686578455, "nn": 0.08066387263676718, "acuta": 0.08021478732878902, "prof": 0.08011433500892734, "auguro": 0.08009819895765408, "posso": 0.08007718302912649, "andreoni": 0.07948089384929632, "risposta": 0.07943941956716044, "colpito": 0.07940235272136506, "numero": 0.0793130314483709, "migliaia": 0.07885865105529057, "protezione": 0.07874827037464015, "iss": 0.07850270067728647, "potrebbero": 0.07841467138020651, "vaccinata": 0.07833423235595102, "manifesta": 0.07824432385407282,