{"bambini": 1.0, "effetti": 0.8568371579438193, "rischio": 0.6567081493953616, "sintomi": 0.6399942634407686, "malattia": 0.4842792062439195, "danni": 0.43233842985627685, "morti": 0.4320997476905368, "casi": 0.4168501630281071, "studio": 0.4043878252186637, "problemi": 0.39966465264776785, "esiste": 0.3929706836101361, "dati": 0.3726359212763153, "conseguenze": 0.34841834130963256, "parla": 0.3455226083220678, "omicron": 0.3452544865314, "problema": 0.3359780021040589, "termine": 0.3336785952913162, "parlare": 0.3195299554733066, "sa": 0.2970255107525156, "pazienti": 0.2961321404420552, "studi": 0.29466244321667234, "infezione": 0.2595710868372037, "bimbi": 0.25054647206928854, "giovani": 0.24898897919871582, "salute": 0.24513706773458807, "ospedale": 0.24247726192608732, "sindrome": 0.24092269014342907, "gravi": 0.23856452924260063, "terapia": 0.23750305877244582, "possono": 0.23028651811428824, "causa": 0.22905402212752202, "intensiva": 0.2265427325351904, "pandemia": 0.2215274890678776, "rischi": 0.22030887001073968, "post": 0.21515763438566127, "sappiamo": 0.21501025464007142, "terapia intensiva": 0.21496805645729863, "grave": 0.211662252069008, "morte": 0.20053351721170656, "mis": 0.1981763598069184, "influenza": 0.19657323029428175, "longcovidkids": 0.19248984751065246, "effetto": 0.19029266755003776, "disturbi": 0.18809161907227273, "contagiati": 0.18779268991755915, "so": 0.18699756205566556, "strascichi": 0.18543366158830527, "novax": 0.18344356395912767, "polmoni": 0.17918656083222423, "asintomatici": 0.17737355324609985, "vax": 0.1740996951454855, "pare": 0.1729724889665618, "paura": 0.1722629065355376, "contagio": 0.17159146634747696, "cervello": 0.17158740555342472, "evitare": 0.1683172718488276, "colpisce": 0.1679969851378761, "et\u00e0": 0.16793557390080086, "fattori": 0.16720350544938614, "malati": 0.16392360554729768, "vero": 0.16377410746990778, "guariti": 0.1631678387845254, "preso": 0.1619112975428197, "dosi": 0.16142858868225538, "medici": 0.16062806173942762, "soffre": 0.15679140545888948, "ricoverati": 0.15311281052135844, "effetti termine": 0.15229935260491603, "bambino": 0.15165219115771167, "sentito": 0.1501654797615176, "s\u00ec": 0.14964681827518256, "forma": 0.14951334172698502, "vaccinare": 0.14934493138559554, "ricoveri": 0.14876346581230346, "conosco": 0.14857696265483597, "gt": 0.14758098050999502, "anticorpi": 0.14612020479491597, "numeri": 0.1443881546407321, "locatelli": 0.14341108186977233, "ricerca": 0.14202140729942717, "cose": 0.14137926469060683, "davvero": 0.13894330194503451, "tanti": 0.1381639155116073, "almeno": 0.13773040751189333, "credo": 0.1352394038707362, "capito": 0.13475216277837346, "cure": 0.13336456138821606, "sistema": 0.13320767226906297, "capire": 0.1322723864690926, "nuova": 0.1320921938559009, "rischio studio": 0.13189179319649458, "ospedalizzazioni": 0.13123996551481365, "colpa": 0.1308374571473373, "patologie": 0.12912700252863088, "sarscov": 0.1285299514101307, "ragazzi": 0.12830967119972025, "piccoli": 0.12815210536219604, "ospedali": 0.12788014853142232, "sviluppare": 0.127387308001517, "realt\u00e0": 0.1266561756302979, "spero": 0.1254017119767396, "letto": 0.12488923791682, "mese": 0.12385366345864131, "contagi": 0.12347691181432233, "proteggono": 0.12312776157058733, "dicono": 0.12310524708601993, "guarito": 0.12242835194859177, "viene": 0.12228716856281538, "adulti": 0.12208708275657312, "figli": 0.1215090537952158, "variante": 0.12117013286438413, "sentito parlare": 0.12091752633547105, "raffreddore": 0.11984301295254597, "speriamo": 0.11932068649285714, "far": 0.1191895973060008, "morire": 0.11885327880146986, "dato": 0.11865592612178703, "migliaia": 0.11826016435726139, "esistono": 0.11777641709810756, "dose": 0.11701990037098099, "riduce": 0.11619467165098517, "collaterali": 0.11584133665065356, "ce": 0.11580321641701666, "medico": 0.11553185856214845, "punto": 0.11491427591865808, "decessi": 0.11435648105529607, "lieve": 0.1138961522491569, "fattori rischio": 0.11315775760856144, "ormai": 0.11277447592285245, "varianti": 0.1124374845988522, "scuola": 0.11220135092150273, "uk": 0.11200525062677014, "cuore": 0.11148740555077899, "contare": 0.11140406982629922, "settimane": 0.11122445189559256, "vaccinarsi": 0.11095304587346003, "permanenti": 0.11080941581951216, "cazzo": 0.11038211900665358, "sapere": 0.11025800776518864, "effetti collaterali": 0.1093886354827031, "zero": 0.10919896529977527, "stanchezza": 0.10908899234379024, "possibile": 0.10774241222596287, "bisogna": 0.10710520486412044, "fragili": 0.10705965222300466, "sai": 0.10701914637382541, "patologia": 0.1067438958183002, "persona": 0.10670041538623892, "soffrono": 0.10573967302924807, "olfatto": 0.1056284979760829, "positivi": 0.105597737525107, "cura": 0.1054461005296258, "malattie": 0.10358950517635443, "sviluppa": 0.10342444598646913, "nn": 0.10303112461717513, "pochi": 0.10209631895024643, "altra": 0.10165403586645777, "distanza": 0.1013040098288915, "sicuramente": 0.1009996239281804, "probabilit\u00e0": 0.10071859604090477, "pediatri": 0.09980488746878735, "vanno": 0.09961742819817833, "esattamente": 0.09920735318972929, "mantovani": 0.09915779209746191, "dovrebbe": 0.09832268430349675, "numero": 0.09827985258324418, "prendere": 0.09773028079001074, "under": 0.09666080969001113, "possibilit\u00e0": 0.09655822305172082, "scienza": 0.09636418711322361, "vuole": 0.09617808457409788, "importante": 0.09616364216354553, "postumi": 0.09596052873001956, "emergenza": 0.09532787343997504, "ovviamente": 0.0949016585043235, "situazione": 0.09398116841289253, "mortalit\u00e0": 0.09369497335594575, "posso": 0.09351767385086775, "ragione": 0.0935134867109551, "neurologici": 0.09318511513479624, "vedere": 0.09304235161891436, "organi": 0.0922887667128427, "memoria": 0.09159273509375963, "avversi": 0.09140537216398927, "genitori": 0.0907556723788154, "rischia": 0.09063472259882921, "leggere": 0.09059705079762459, "fascia": 0.09035078058666578, "questione": 0.0899401159645272, "riabilitazione": 0.0898097540048234, "neanche": 0.08964215204825342, "conto": 0.08935048917361509, "cosiddetto": 0.08921615039712108, "protegge": 0.08886672124608383, "contratto": 0.08844490724684073, "figlio": 0.08803963614540096, "guarigione": 0.08802296163961024, "diabete": 0.08760200918179704, "miocardite": 0.08752762942819764, "lockdown": 0.0875148392475211, "sanno": 0.08747668233536417, "sicuro": 0.08675998565889623, "perdita": 0.08658383408101122, "finire": 0.08653354340685245, "delta": 0.08647211939933823, "potrebbero": 0.08623608180553002, "tipo": 0.08622524458444893, "thread": 0.08621832504427324, "primi": 0.08604962839802005, "sintomi terapia": 0.08587897159493038, "miocarditi": 0.0856523565774193, "andare": 0.08562649688901029, "testa": 0.08543509423488406, "gusto": 0.08537442332116964, "parliamo": 0.085078231743814, "periodo": 0.08497131838822793, "sileri": 0.084798465398969, "cc": 0.08416681062655837, "articolo": 0.08402226470851705, "considerare": 0.0835646644351229, "chiama": 0.08337530184060048, "senso": 0.0833638424425447, "possibili": 0.08330939000114884, "pensare": 0.08319679363018781, "scuole": 0.08268740104361005, "idea": 0.08267656318116101, "giusto": 0.08262120228491909, "risposta": 0.0825698023465962, "rischiare": 0.08237452082868603, "locatelli bimbi": 0.0823494729312027, "penso": 0.08211601451824098, "finora": 0.08178546094797189, "prende": 0.0815810032049589, "prigionieri": 0.08153539865745388, "ammalano": 0.08138470662208558, "soggetti": 0.08137301953431968, "curare": 0.08063554618238138, "immunit\u00e0": 0.0804963943395694, "pensa": 0.08011417950782597, "impatto": 0.07929404099711591, "ok": 0.07892221257105089, "parli": 0.07867988028246425, "semplice": 0.0785682468162242, "ridurre": 0.07836374685494922, "etc": 0.07835383338676696, "mentale": 0.07815647032960805, "parlano": 0.07805018854212001, "usa": 0.07789867875238878, "spiegano": 0.07782625907641456, "dad": 0.07774968183924105, "sani": 0.07763662625716641,