{"sintomi": 1.0, "effetti": 0.9210143652730217, "omicron": 0.8656011172888396, "studio": 0.7162533406938051, "dosi": 0.6737506180235041, "esiste": 0.5643976927888489, "casi": 0.538179724493493, "rischio": 0.5301612459179849, "bambini": 0.4960604607613659, "infezione": 0.4287074667384353, "galli": 0.40216405029166874, "malattia": 0.4012754964404506, "dati": 0.38394306812134327, "pazienti": 0.3816601312561271, "avversi": 0.3809430042920425, "problemi": 0.3650799668644316, "problema": 0.3579275244680887, "causato": 0.3421572087351679, "danni": 0.3370876413567422, "effetto": 0.3286139911338613, "effetti avversi": 0.31505150784750974, "preso": 0.3115417182399855, "proteggono": 0.3109168400459784, "colpa": 0.3098562625627254, "viene": 0.30104759388023555, "dosi proteggono": 0.2976910094384256, "morti": 0.28911620363502294, "post": 0.2791888463689298, "colpisce": 0.2729076034472845, "disturbi": 0.25614256200312463, "delta": 0.2508902315951097, "adolescenti": 0.249328405872221, "termine": 0.24898998125651028, "salute": 0.24892514494355203, "s\u00ec": 0.2479706399288702, "vero": 0.24509111630479755, "causa": 0.2420904669899801, "tanti": 0.2402007520573504, "vaccinazioni": 0.2372996631957852, "vax": 0.23464015039868905, "studi": 0.23409184389563228, "medici": 0.23158101555223976, "influenza": 0.2195039079562168, "almeno": 0.21931991704403667, "ricerca": 0.21479533469649584, "potrebbero": 0.21161121792181511, "parlare": 0.210535325902435, "parla": 0.20993765086639352, "conseguenze": 0.20807248050503843, "infarto": 0.2067077186981689, "pfizer": 0.2065777664884554, "novax": 0.2038589697910489, "dose": 0.20053051714144632, "cdc": 0.20037213849615246, "reazioni": 0.19865996376304995, "sa": 0.19714140376343592, "cazzo": 0.1946781866705308, "cervello": 0.1936002490569988, "variante": 0.19298673295443622, "moderna": 0.18894037825798984, "grave": 0.18328562308907193, "the": 0.1808956949543939, "malattie": 0.178468518062105, "pfizer moderna": 0.17842776575627464, "realt\u00e0": 0.1781943816405824, "stanchezza": 0.17782770260091738, "fda": 0.1768650710171011, "articolo": 0.17530202497239233, "collaterali": 0.17412654860386081, "varianti": 0.17329752479757174, "lancet": 0.17293367577736346, "who": 0.17244611469618273, "cdc fda": 0.1714657319776828, "diedsuddenly": 0.1714657319776828, "fda pfizer": 0.1714657319776828, "infarto diedsuddenly": 0.1714657319776828, "vaccinesideeffects": 0.1714657319776828, "vaccinesideeffects infarto": 0.1714657319776828, "farmaci": 0.17036240536817396, "avverse": 0.17027678911714497, "dubbio": 0.16915835176557698, "nebbia": 0.16910791501611258, "who vaccinesideeffects": 0.16762562892127106, "protetti": 0.16734625462593156, "innescati": 0.1660595561610561, "innescati vaccinazioni": 0.1660595561610561, "potrebbero innescati": 0.1660595561610561, "pare": 0.16532262474481033, "reazioni avverse": 0.1642252065760822, "effetti collaterali": 0.1639237796005355, "conosco": 0.16390415483730544, "malati": 0.16170801212753028, "cuore": 0.16076643416263112, "ce": 0.16014899945775754, "gravi": 0.16009623161904107, "mal": 0.15483394290438923, "pandemia": 0.15478088092582157, "possono": 0.15376422066613835, "mascherina": 0.1520688186526492, "medico": 0.1509625821037539, "ecm": 0.15052842800463465, "considerare": 0.14981427102943812, "mascherine": 0.14940843967658202, "sistema": 0.1487850193280623, "punto": 0.14875858716517393, "chiama": 0.14859967075201516, "ondata": 0.14802662289994148, "the lancet": 0.1468767875803534, "protezione": 0.14653629818874656, "soffrono": 0.14614868146212376, "ormai": 0.14614450800685017, "proteggono omicron": 0.14609794343272742, "unica": 0.14571648629875814, "patologia": 0.1456218950766833, "oms": 0.14528519601160614, "ansia": 0.14422614905183984, "mantovani": 0.1428395237422475, "cose": 0.14270486205953395, "capire": 0.14259032341134742, "raffreddore": 0.14247878922065488, "bimbi": 0.14210191676335213, "altra": 0.1417707163148994, "so": 0.14157241644828406, "chiamano": 0.14006355554830874, "dicono": 0.13931435782686016, "ospedale": 0.13926729107841496, "cura": 0.13909016809345515, "tanti sintomi": 0.13852926479395666, "strascichi": 0.138021880179376, "ospedali": 0.13782385032809594, "nn": 0.13680635923283285, "donne": 0.13591840606729305, "soffre": 0.13570894776460465, "corto": 0.1353903046055795, "guarigione": 0.13535223073349464, "tipo": 0.13504895916611404, "subitement": 0.13442320828733456, "subitement who": 0.13442320828733456, "ovviamente": 0.13410541009949, "sindrome": 0.13385957924508718, "mentale": 0.13371112792850795, "infarti": 0.13318427474439645, "moderna subitement": 0.13244608824395057, "contagi": 0.13054382364269052, "causare": 0.13040637623525006, "entra": 0.12986169043632967, "questione": 0.1296641769232567, "aumentano": 0.1287833352748906, "omicron casi": 0.12714634489869694, "vaccinata": 0.1268082349501512, "sanit\u00e0": 0.12667458308697582, "infezioni": 0.12647298400643825, "bambini sintomi": 0.12574522013042336, "viene dubbio": 0.12455283129429766, "conseguenza": 0.12400818679263312, "importante": 0.12378417377458396, "paziente": 0.12362167794539686, "cure": 0.12352335225163963, "febbre": 0.123237920754105, "siero": 0.12320770923994037, "guariti": 0.12319584572568094, "davvero": 0.12200929682517767, "far": 0.1219849036441315, "sintomo": 0.12159369640717481, "usa": 0.12145963852924017, "sintomi viene": 0.12143177939248438, "dato": 0.12128750431104457, "reinfezioni": 0.12083747949903734, "persona": 0.12055331842965887, "aumento": 0.1201928557642586, "verit\u00e0": 0.12011651552498936, "eventi": 0.11948726911510793, "dubbio considerare": 0.11909282403531468, "credo": 0.11898897091180069, "test": 0.1188792653993243, "rischiano": 0.11866123159919545, "forma": 0.11846379169625552, "sai": 0.11755221873062213, "evitare": 0.11731699316711967, "immunitario": 0.11731514293112356, "considerare potrebbero": 0.11701275739214234, "capito": 0.11632040205440673, "fragili": 0.11600505487931968, "letto": 0.11598864384002364, "rischia": 0.11594361510989801, "sarscov": 0.11581873279238013, "scienza": 0.11566159947773302, "guarda": 0.11548617541711262, "sapere": 0.11536395619249937, "nuova": 0.11524790180888204, "protegge": 0.11478543249806729, "testa": 0.11456643434899465, "spero": 0.11401777845769327, "et\u00e0": 0.11399861258455196, "dolori": 0.11307077563474172, "morte": 0.1129061769928054, "zero": 0.11242716102397533, "malore": 0.11114318734157168, "pubblicato": 0.1109432790090988, "vuole": 0.11093497010588532, "aumenteranno": 0.11079354012058953, "speranza": 0.11071100502689882, "d\u00e0": 0.11015476720615644, "contagio": 0.1096307703797381, "risposta": 0.10910215019388556, "semplice": 0.10865043812494384, "uk": 0.10838148080586808, "buona": 0.10814431417091408, "differenza": 0.10793244069803966, "casi omicron": 0.10765411826438455, "ricercatori": 0.10754481194175848, "giovani": 0.10729717942776638, "account": 0.10652327561621101, "sistema immunitario": 0.10620360702103654, "rosa": 0.1061032229874506, "patologie": 0.10542714351060285, "leggere": 0.10516348695365782, "prof": 0.10460538194222255, "alzheimer": 0.10412817109679025, "leggi": 0.10404692077717814, "aumenta": 0.10398144241041506, "vaiolo": 0.10383749644102365, "pensa": 0.1037670848366805, "puoi": 0.1033537007849788, "veramente": 0.10325986158050024, "vedere": 0.10289238440684582, "under": 0.1023686884883693, "giugno": 0.10235319346698446, "morto": 0.10175123217465463, "capelli": 0.10161482239519672, "continuano": 0.10111661801141775, "praticamente": 0.10080490776232993, "settimane": 0.10044984713553605, "paura": 0.1003772597869164, "personale": 0.09881979886986404, "pochi": 0.09877660490198821, "prendere": 0.0987465949076136, "eventi avversi": 0.09788101828150149, "andare": 0.09737025188939868, "spike": 0.09682885657864314, "twitter": 0.0964078746581769, "difesa": 0.0961300743550671, "rischiano casi": 0.09568217220832514, "popolazione": 0.09564656254487422, "fiato": 0.09556478044843843, "sicuramente": 0.09526357344209012, "senso": 0.09519125903085551,