{"bambini": 1.0, "sintomi": 0.5789473684210527, "effetti": 0.5718623481781376, "morti": 0.52834008097166, "rischio": 0.49898785425101216, "malattia": 0.42206477732793524, "giovani": 0.39271255060728744, "casi": 0.3815789473684211, "dati": 0.37449392712550605, "esiste": 0.31983805668016196, "conseguenze": 0.2965587044534413, "pazienti": 0.291497975708502, "problemi": 0.27125506072874495, "problema": 0.26619433198380565, "danni": 0.25, "parla": 0.24696356275303644, "sa": 0.23684210526315788, "infezione": 0.2257085020242915, "rischi": 0.2236842105263158, "parlare": 0.2236842105263158, "studi": 0.2054655870445344, "morte": 0.18016194331983806, "gravi": 0.1791497975708502, "effetti termine": 0.17813765182186234, "sindrome": 0.17611336032388664, "ospedale": 0.17408906882591094, "possono": 0.17307692307692307, "evitare": 0.1680161943319838, "studio": 0.1680161943319838, "pandemia": 0.1659919028340081, "so": 0.16295546558704455, "post": 0.16093117408906882, "cure": 0.15991902834008098, "sappiamo": 0.15991902834008098, "causa": 0.15890688259109312, "contagio": 0.15890688259109312, "uk": 0.1548582995951417, "malati": 0.152834008097166, "longcovidkids": 0.152834008097166, "guariti": 0.152834008097166, "vero": 0.14979757085020243, "novax": 0.1437246963562753, "termine": 0.14068825910931174, "s\u00ec": 0.1396761133603239, "terapia intensiva": 0.1396761133603239, "salute": 0.13663967611336034, "vax": 0.13663967611336034, "medici": 0.13562753036437247, "credo": 0.1346153846153846, "capire": 0.1325910931174089, "pare": 0.12955465587044535, "ospedalizzazioni": 0.12348178137651822, "paura": 0.12348178137651822, "varianti": 0.12246963562753037, "pochi": 0.12044534412955465, "vaccinarsi": 0.1194331983805668, "decessi": 0.1194331983805668, "almeno": 0.11842105263157894, "cura": 0.11740890688259109, "colpisce": 0.11639676113360324, "grave": 0.11639676113360324, "conosco": 0.11639676113360324, "contagi": 0.11538461538461539, "influenza": 0.11437246963562753, "tanti": 0.11234817813765183, "strascichi": 0.11234817813765183, "numeri": 0.11234817813765183, "asintomatici": 0.11133603238866396, "davvero": 0.11133603238866396, "nn": 0.10931174089068826, "letto": 0.10931174089068826, "ormai": 0.10728744939271255, "dato": 0.10526315789473684, "possibile": 0.10526315789473684, "effetti collaterali": 0.10526315789473684, "preso": 0.10323886639676114, "morire": 0.10222672064777327, "medico": 0.10222672064777327, "realt\u00e0": 0.10222672064777327, "idea": 0.10121457489878542, "bimbi": 0.10121457489878542, "patologie": 0.09919028340080972, "patologia": 0.09919028340080972, "dicono": 0.09919028340080972, "esistono": 0.09817813765182186, "cose": 0.09817813765182186, "vedere": 0.09615384615384616, "ricerca": 0.0951417004048583, "et\u00e0": 0.0951417004048583, "tipo": 0.09412955465587045, "altra": 0.09210526315789473, "ovviamente": 0.09210526315789473, "probabilit\u00e0": 0.09109311740890688, "punto": 0.09109311740890688, "contare": 0.09008097165991903, "settimane": 0.09008097165991903, "viene": 0.09008097165991903, "possibilit\u00e0": 0.09008097165991903, "vuole": 0.09008097165991903, "ricoveri": 0.08906882591093117, "bisogna": 0.08906882591093117, "soffre": 0.08906882591093117, "ragazzi": 0.08906882591093117, "sai": 0.08906882591093117, "adulti": 0.08805668016194332, "vaccinare": 0.08805668016194332, "under": 0.08805668016194332, "numero": 0.08805668016194332, "capito": 0.08704453441295547, "dovrebbe": 0.08704453441295547, "importante": 0.08502024291497975, "scuola": 0.0840080971659919, "distanza": 0.0840080971659919, "mis": 0.0840080971659919, "delta": 0.08299595141700405, "prendere": 0.08299595141700405, "cervello": 0.08198380566801619, "migliaia": 0.08198380566801619, "vanno": 0.08097165991902834, "effetto": 0.07995951417004049, "resto": 0.07894736842105263, "soffrono": 0.07894736842105263, "neanche": 0.07894736842105263, "lockdown": 0.07894736842105263, "senso": 0.07894736842105263, "sicuramente": 0.07793522267206478, "zero": 0.07692307692307693, "ragione": 0.07591093117408906, "mese": 0.07591093117408906, "anziani": 0.07591093117408906, "puoi": 0.07489878542510121, "spero": 0.07489878542510121, "etc": 0.07388663967611336, "cazzo": 0.07388663967611336, "fragili": 0.0728744939271255, "scienza": 0.0728744939271255, "situazione": 0.0728744939271255, "farmaci": 0.0728744939271255, "far": 0.07186234817813765, "anticorpi": 0.07186234817813765, "percentuale": 0.0708502024291498, "disturbi": 0.0708502024291498, "articolo": 0.0708502024291498, "questione": 0.0708502024291498, "postumi": 0.0708502024291498, "rischiare": 0.06983805668016195, "mortalit\u00e0": 0.06983805668016195, "vedi": 0.06983805668016195, "posso": 0.06882591093117409, "persona": 0.06882591093117409, "ospedali": 0.06882591093117409, "muoiono": 0.06781376518218624, "cc": 0.06781376518218624, "molte": 0.06680161943319839, "serve": 0.06680161943319839, "sapere": 0.06680161943319839, "omicron": 0.06680161943319839, "usa": 0.06578947368421052, "chiaro": 0.06578947368421052, "ce": 0.06578947368421052, "continua": 0.06578947368421052, "pensa": 0.06477732793522267, "sanno": 0.06477732793522267, "potrebbero": 0.06477732793522267, "figli": 0.06477732793522267, "ricovero": 0.06477732793522267, "stare": 0.06477732793522267, "miocarditi": 0.06477732793522267, "pensare": 0.06477732793522267, "andare": 0.06477732793522267, "piccoli": 0.06376518218623482, "rischiano": 0.06376518218623482, "sicuro": 0.06376518218623482, "impatto": 0.06376518218623482, "curare": 0.06376518218623482, "minori": 0.06376518218623482, "muore": 0.06376518218623482, "protezione": 0.06376518218623482, "media": 0.06376518218623482, "popolazione": 0.06275303643724696, "veramente": 0.06275303643724696, "figlio": 0.06275303643724696, "considerare": 0.06275303643724696, "diversi": 0.06174089068825911, "primi": 0.06174089068825911, "sentito parlare": 0.06174089068825911, "ricoverati": 0.06072874493927125, "assolutamente": 0.06072874493927125, "ok": 0.06072874493927125, "gt": 0.06072874493927125, "fatti": 0.0597165991902834, "giovane": 0.0597165991902834, "stanchezza": 0.0597165991902834, "ospedalizzati": 0.0597165991902834, "vaccina": 0.0597165991902834, "guarigione": 0.058704453441295545, "significa": 0.058704453441295545, "soggetti": 0.058704453441295545, "parli": 0.058704453441295545, "penso": 0.057692307692307696, "ammalano": 0.057692307692307696, "vuoi": 0.057692307692307696, "infezioni": 0.057692307692307696, "tweet": 0.057692307692307696, "genitori": 0.05668016194331984, "accordo": 0.05668016194331984, "thread": 0.05668016194331984, "paesi": 0.05668016194331984, "attenzione": 0.05566801619433198, "dosi": 0.05566801619433198, "vengono": 0.05566801619433198, "riguarda": 0.05566801619433198, "giusto": 0.05566801619433198, "rischia": 0.05566801619433198, "parlando": 0.05566801619433198, "danno": 0.05566801619433198, "asintomatico": 0.05465587044534413, "guarda": 0.05465587044534413, "scelta": 0.05465587044534413, "malattie": 0.05465587044534413, "base": 0.05465587044534413, "parliamo": 0.05465587044534413, "cosiddetto": 0.05465587044534413, "fortuna": 0.05465587044534413, "positivi": 0.05465587044534413, "raffreddore": 0.05465587044534413, "malattia grave": 0.05465587044534413, "morto": 0.053643724696356275, "capisco": 0.053643724696356275, "parlato": 0.053643724696356275, "passato": 0.053643724696356275, "amici": 0.053643724696356275, "periodo": 0.05263157894736842, "incidenza": 0.05263157894736842, "parlano": 0.05263157894736842, "chiama": 0.05263157894736842, "tema": 0.05263157894736842, "chiss\u00e0": 0.05263157894736842, "dare": 0.05263157894736842, "anzi": 0.05263157894736842, "ammalarsi": 0.05161943319838057, "storia": 0.05161943319838057, "domanda": 0.05161943319838057, "difficile": 0.05161943319838057, "leggere": 0.05161943319838057, "praticamente": 0.05161943319838057, "sani": 0.05060728744939271, "ospedalizzazione": 0.05060728744939271, "contratto": 0.05060728744939271, "medio termine": 0.05060728744939271, "miocardite": 0.04959514170040486,